{
  "i18n/i18n.properties": 1709206831145,
  "Component.js": 1709206755138,
  "test/integration/pages/RisksList.js": 1709206755342,
  "test/integration/opaTests.qunit.js": 1709206755286,
  "test/integration/FirstJourney.js": 1709206755354,
  "test/testsuite.qunit.js": 1709206755242,
  "xs-app.json": 1709478945525,
  "manifest.json": 1709478945605,
  "test/integration/pages/RisksObjectPage.js": 1709206755342,
  "test/testsuite.qunit-dbg.js": 1709206755242,
  "test/testsuite.qunit.js.map": 1709478960283,
  "test/integration/pages/RisksList-dbg.js": 1709206755342,
  "test/integration/pages/RisksList.js.map": 1709478960278,
  "test/integration/opaTests.qunit-dbg.js": 1709206755286,
  "test/integration/opaTests.qunit.js.map": 1709478960274,
  "test/integration/FirstJourney-dbg.js": 1709206755354,
  "test/integration/FirstJourney.js.map": 1709478960294,
  "Component-dbg.js": 1709206755138,
  "Component.js.map": 1709478960276,
  "test/integration/pages/RisksObjectPage-dbg.js": 1709206755342,
  "test/integration/pages/RisksObjectPage.js.map": 1709478960279,
  "Component-preload.js": 1709478960389,
  "Component-preload.js.map": 1709478960389,
  "test/integration/opaTests.qunit.html": 1709206755286,
  "test/testsuite.qunit.html": 1709206755230,
  "test/flpSandbox.html": 1709206755230,
  "index.html": 1709206755146
}